일자,품목명,평균가격,수입량,평년반입량(KG),평년반입량증감률(%)
20231230,감자,55370,275000,244800,-11
20231229,감자,59791,273000,248250,-9.1
20231228,감자,55926,386000,227000,-41.2
20231227,감자,54124,360000,213750,-40.6
20231226,감자,50086,123000,286250,132.7
20231225,감자,51330,147000,218500,48.6
20231223,감자,51946,180000,224400,24.7
20231222,감자,54265,218000,203000,-6.9
20231221,감자,42725,151000,221750,46.9
20231220,감자,42702,172000,209250,21.7
20231219,감자,41102,191000,171750,-10.1
20231218,감자,40367,274000,222750,-18.7
20231216,감자,35666,228000,237600,4.2
20231215,감자,37783,200000,291750,45.9
20231214,감자,36307,177000,249200,40.8
20231213,감자,38146,269000,197250,-26.7
20231212,감자,34312,170000,289333,70.2
20231211,감자,36761,333000,207400,-37.7
20231209,감자,36561,348000,240200,-31
20231208,감자,32763,318000,262750,-17.4
20231207,감자,36204,326000,248500,-23.8
20231206,감자,37063,334000,214250,-35.9
20231205,감자,39436,175000,193250,10.4
20231204,감자,38773,207000,232400,12.3
20231201,감자,39419,217000,220000,1.4
20231130,감자,39631,229000,212750,-7.1
20231129,감자,37032,269000,201000,-25.3
20231128,감자,37599,101000,248500,146
20231127,감자,36512,167000,176250,5.5
20231125,감자,32217,235000,206400,-12.2
20231124,감자,37313,219000,236250,7.9
20231123,감자,38408,256000,185750,-27.4
20231122,감자,40232,241000,184000,-23.7
20231121,감자,37857,168000,212250,26.3
20231120,감자,36810,210000,208250,-0.8
20231118,감자,36489,169000,199000,17.8
20231117,감자,39004,158000,238500,50.9
20231116,감자,38633,206000,238250,15.7
20231115,감자,36157,192000,203250,5.9
20231114,감자,35408,148000,254500,72
20231113,감자,34615,179000,203500,13.7
20231111,감자,35225,185000,205400,11
20231110,감자,34648,249000,225250,-9.5
20231109,감자,34055,236000,227500,-3.6
20231108,감자,35400,234000,212750,-9.1
20231107,감자,35483,203000,162250,-20.1
20231106,감자,37087,288000,198400,-31.1
20231103,감자,34095,222000,221750,-0.1
20231102,감자,34421,191000,195750,2.5
20231101,감자,35476,226000,186000,-17.7
20231031,감자,37032,147000,219500,49.3
20231030,감자,32872,223000,204500,-8.3
20231028,감자,35725,241000,228600,-5.1
20231027,감자,34376,221000,202500,-8.4
20231026,감자,36043,196000,181250,-7.5
20231025,감자,36477,218000,179500,-17.7
20231024,감자,35476,184000,233250,26.8
20231023,감자,34153,220000,231250,5.1
20231021,감자,33620,177000,237000,33.9
20231020,감자,35276,146000,274750,88.2
20231019,감자,33167,274000,221500,-19.2
20231018,감자,33843,318000,201000,-36.8
20231017,감자,31490,171000,230000,34.5
20231016,감자,31137,225000,230250,2.3
20231014,감자,29499,241000,217600,-9.7
20231013,감자,33643,230000,194000,-15.7
20231012,감자,34012,195000,212250,8.8
20231011,감자,32028,341000,210750,-38.2
20231010,감자,31816,296000,241500,-18.4
20231009,감자,31077,217000,244250,12.6
20231007,감자,32191,265000,195200,-26.3
20231006,감자,34893,204000,193000,-5.4
20231005,감자,36557,142000,213667,50.5
20231004,감자,36952,173000,215333,24.5
20231003,감자,37512,4000,193000,4725
20231002,감자,38015,174000,206500,18.7
20230928,감자,37567,198000,235667,19
20230927,감자,37567,290000,229333,-20.9
20230926,감자,38514,168000,216333,28.8
20230925,감자,37584,197000,146333,-25.7
20230923,감자,37336,177000,185000,4.5
20230922,감자,36235,197000,234000,18.8
20230921,감자,35914,205000,209500,2.2
20230920,감자,36099,233000,211750,-9.1
20230919,감자,34759,171000,233500,36.5
20230918,감자,33879,163000,222500,36.5
20230916,감자,32171,212000,178000,-16
20230915,감자,32183,218000,208667,-4.3
20230914,감자,33059,206000,148333,-28
20230913,감자,32377,376000,170750,-54.6
20230912,감자,33766,257000,180750,-29.7
20230911,감자,31286,317000,199750,-37
20230909,감자,34987,321000,229200,-28.6
20230908,감자,37068,286000,259250,-9.4
20230907,감자,37517,218000,218000,0
20230906,감자,40251,214000,231000,7.9
20230905,감자,41567,63000,228500,262.7
20230904,감자,37701,229000,216000,-5.7
20230902,감자,35583,255000,223600,-12.3
20230901,감자,36551,237000,225000,-5.1
20230831,감자,35286,203000,227500,12.1
20230830,감자,35111,156000,197250,26.4
20230829,감자,36846,178000,262500,47.5
20230828,감자,31657,224000,198000,-11.6
20230826,감자,35014,278000,218400,-21.4
20230825,감자,32329,235000,233250,-0.7
20230824,감자,33216,271000,215250,-20.6
20230823,감자,30798,221000,177000,-19.9
20230822,감자,33536,224000,221000,-1.3
20230821,감자,32697,231000,190250,-17.6
20230819,감자,33070,308000,180600,-41.4
20230818,감자,33725,309000,159500,-48.4
20230817,감자,34534,266000,186000,-30.1
20230816,감자,34612,283000,170750,-39.7
20230815,감자,34138,194000,207000,6.7
20230814,감자,32769,201000,224000,11.4
20230812,감자,33846,206000,211600,2.7
20230811,감자,34285,246000,268750,9.2
20230810,감자,35993,315000,209000,-33.7
20230809,감자,33984,337000,196333,-41.7
20230808,감자,34329,176000,198667,12.9
20230807,감자,37315,238000,207750,-12.7
20230804,감자,37900,173000,181000,4.6
20230803,감자,37065,217000,185667,-14.4
20230802,감자,36770,213000,206250,-3.2
20230801,감자,33297,149000,207250,39.1
20230731,감자,32819,191000,178750,-6.4
20230729,감자,33076,260000,188000,-27.7
20230728,감자,31065,249000,189500,-23.9
20230727,감자,31112,347000,210250,-39.4
20230726,감자,33627,294000,197000,-33
20230725,감자,35463,194000,223500,15.2
20230724,감자,37516,239000,196500,-17.8
20230722,감자,35707,200000,185200,-7.4
20230721,감자,34869,253000,203000,-19.8
20230720,감자,34709,230000,204750,-11
20230719,감자,33388,166000,205750,23.9
20230718,감자,35116,91000,242500,166.5
20230717,감자,32250,164000,239000,45.7
20230715,감자,32356,245000,235000,-4.1
20230714,감자,29572,248000,261750,5.5
20230713,감자,29105,286000,185750,-35.1
20230712,감자,30062,266000,260000,-2.3
20230711,감자,30706,222000,275750,24.2
20230710,감자,30863,249000,311250,25
20230708,감자,29968,307000,300000,-2.3
20230707,감자,30364,202000,275500,36.4
20230706,감자,31369,243000,346500,42.6
20230705,감자,31131,281000,335750,19.5
20230704,감자,31301,227000,332500,46.5
20230703,감자,31178,242000,323000,33.5
20230701,감자,31432,393000,384200,-2.2
20230630,감자,25823,505000,368750,-27
20230629,감자,29209,435000,352000,-19.1
20230628,감자,32416,632000,462250,-26.9
20230627,감자,39517,378000,407250,7.7
20230626,감자,40335,295000,441500,49.7
20230624,감자,43092,194000,476600,145.7
20230623,감자,38680,379000,506500,33.6
20230622,감자,34633,532000,479000,-10
20230621,감자,31580,590000,456500,-22.6
20230620,감자,28535,410000,527000,28.5
20230619,감자,29922,478000,404500,-15.4
20230617,감자,31946,591000,519200,-12.1
20230616,감자,32320,519000,520000,0.2
20230615,감자,32963,478000,515000,7.7
20230614,감자,36170,489000,360750,-26.2
20230613,감자,36377,400000,506750,26.7
20230612,감자,35569,381000,534750,40.4
20230610,감자,35429,587000,518400,-11.7
20230609,감자,33437,608000,527250,-13.3
20230608,감자,25899,723000,355500,-50.8
20230607,감자,25624,794000,449750,-43.4
20230606,감자,31948,365000,523750,43.5
20230605,감자,42067,308000,458500,48.9
20230603,감자,56563,224000,430200,92.1
20230602,감자,58966,197000,494500,151
20230601,감자,58604,172000,417250,142.6
20230531,감자,51661,334000,355250,6.4
20230530,감자,44280,404000,519750,28.7
20230529,감자,45325,460000,442500,-3.8
20230527,감자,46394,430000,495200,15.2
20230526,감자,48280,385000,415667,8
20230525,감자,52868,270000,391750,45.1
20230524,감자,55027,331000,311000,-6
20230523,감자,57732,232000,290500,25.2
20230522,감자,55033,286000,284250,-0.6
20230520,감자,64886,391000,308000,-21.2
20230519,감자,59376,357000,309750,-13.2
20230518,감자,57709,365000,302000,-17.3
20230517,감자,60567,395000,387500,-1.9
20230516,감자,61420,352000,388750,10.4
20230515,감자,63582,289000,345000,19.4
20230513,감자,68783,254000,362200,42.6
20230512,감자,69152,269000,353500,31.4
20230511,감자,67830,313000,301250,-3.8
20230510,감자,66967,328000,347750,6
20230509,감자,66228,229000,332750,45.3
20230508,감자,68450,336000,312000,-7.1
20230506,감자,67893,366000,326400,-10.8
20230505,감자,66440,340000,339250,-0.2
20230504,감자,64643,315000,300750,-4.5
20230503,감자,64212,316000,277500,-12.2
20230502,감자,64426,335000,322500,-3.7
20230501,감자,64688,321000,265250,-17.4
20230429,감자,65374,297000,325400,9.6
20230428,감자,64708,232000,334000,44
20230427,감자,65206,323000,261750,-19
20230426,감자,65568,312000,238000,-23.7
20230425,감자,64124,327000,353250,8
20230424,감자,63325,349000,261000,-25.2
20230422,감자,65476,335000,327200,-2.3
20230421,감자,70687,270000,295500,9.4
20230420,감자,75785,400000,253667,-36.6
20230419,감자,77123,267000,302250,13.2
20230418,감자,75938,347000,361250,4.1
20230417,감자,78503,346000,283750,-18
20230415,감자,80309,293000,268000,-8.5
20230414,감자,81499,281000,327000,16.4
20230413,감자,82981,281000,300250,6.9
20230412,감자,81579,357000,276500,-22.5
20230411,감자,78505,325000,335000,3.1
20230410,감자,69993,290000,272250,-6.1
20230408,감자,72241,224000,307200,37.1
20230407,감자,84076,364000,296500,-18.5
20230406,감자,74955,255000,270000,5.9
20230405,감자,86332,216000,307750,42.5
20230404,감자,93338,222000,302750,36.4
20230403,감자,91647,281000,235250,-16.3
20230401,감자,81168,237000,273200,15.3
20230331,감자,77351,260000,261500,0.6
20230330,감자,78727,305000,248500,-18.5
20230329,감자,84831,307000,215000,-30
20230328,감자,90154,242000,282500,16.7
20230327,감자,95873,256000,251250,-1.9
20230325,감자,88642,271000,301600,11.3
20230324,감자,71943,294000,287500,-2.2
20230323,감자,67979,241000,267000,10.8
20230322,감자,77601,331000,263250,-20.5
20230321,감자,85722,191000,281000,47.1
20230320,감자,87776,234000,238500,1.9
20230318,감자,96052,246000,226200,-8
20230317,감자,87628,246000,242500,-1.4
20230316,감자,81458,270000,257250,-4.7
20230315,감자,64316,237000,252250,6.4
20230314,감자,68663,264000,221333,-16.2
20230313,감자,68729,313000,236250,-24.5
20230311,감자,68517,262000,248200,-5.3
20230310,감자,63163,347000,266250,-23.3
20230309,감자,66789,329000,288250,-12.4
20230308,감자,75429,324000,273000,-15.7
20230307,감자,83847,249000,294250,18.2
20230306,감자,82999,272000,237500,-12.7
20230304,감자,86817,228000,248400,8.9
20230303,감자,68292,253000,171000,-32.4
20230302,감자,68092,265000,268000,1.1
20230301,감자,63944,212000,227500,7.3
20230228,감자,66596,267000,257000,-3.7
20230227,감자,62939,290000,239750,-17.3
20230225,감자,65154,232000,213750,-7.9
20230224,감자,61174,246000,212000,-13.8
20230223,감자,60841,233000,244750,5
20230222,감자,59029,252000,217750,-13.6
20230221,감자,58294,243000,209000,-14
20230220,감자,58911,233000,252667,8.4
20230218,감자,58502,239000,209667,-12.3
20230217,감자,56883,253000,203400,-19.6
20230216,감자,57207,269000,252500,-6.1
20230215,감자,56277,299000,218000,-27.1
20230214,감자,58161,150000,289000,92.7
20230213,감자,51892,243000,219750,-9.6
20230211,감자,44472,284000,237000,-16.5
20230210,감자,51907,320000,248200,-22.4
20230209,감자,50105,338000,245667,-27.3
20230208,감자,48985,301000,232667,-22.7
20230207,감자,56204,182000,182500,0.3
20230206,감자,55786,218000,238333,9.3
20230204,감자,59209,254000,191333,-24.7
20230203,감자,54884,334000,233750,-30
20230202,감자,52936,347000,243333,-29.9
20230201,감자,58686,281000,181000,-35.6
20230131,감자,57914,240000,274750,14.5
20230130,감자,62230,193000,240000,24.4
20230128,감자,59014,194000,223250,15.1
20230127,감자,52233,86000,270000,214
20230126,감자,43223,253000,241750,-4.4
20230125,감자,47287,333000,242000,-27.3
20230120,감자,52365,253000,262400,3.7
20230119,감자,54897,300000,252000,-16
20230118,감자,54750,305000,219750,-28
20230117,감자,50914,183000,275750,50.7
20230116,감자,51408,281000,227250,-19.1
20230114,감자,56280,258000,201000,-22.1
20230113,감자,54247,287000,238250,-17
20230112,감자,51979,390000,288250,-26.1
20230111,감자,48115,294000,221000,-24.8
20230110,감자,46918,225000,336750,49.7
20230109,감자,47789,373000,296750,-20.4
20230107,감자,51018,345000,281750,-18.3
20230106,감자,54519,333000,319600,-4
20230105,감자,54417,359000,388000,8.1
20230104,감자,59026,70000,96750,38.2
20230103,감자,51993,286000,251000,-12.2
20221231,감자,37382,283000,197000,-30.4
20221230,감자,52297,279000,223600,-19.9
20221229,감자,54963,257000,246500,-4.1
20221228,감자,52417,371000,178750,-51.8
20221227,감자,52220,152000,281500,85.2
20221226,감자,51297,302000,245750,-18.6
20221224,감자,51423,228000,225500,-1.1
20221223,감자,56754,207000,234400,13.2
20221222,감자,53219,152000,240000,57.9
20221221,감자,53307,160000,235250,47
20221220,감자,50689,137000,258500,88.7
20221219,감자,43535,144000,187750,30.4
20221217,감자,44125,173000,219500,26.9
20221216,감자,40481,236000,215200,-8.8
20221215,감자,40479,265000,263250,-0.7
20221214,감자,40408,303000,227200,-25
20221213,감자,43170,179000,244250,36.5
20221212,감자,42108,341000,226000,-33.7
20221210,감자,40338,229000,191600,-16.3
20221209,감자,43832,301000,220600,-26.7
20221208,감자,42936,271000,247250,-8.8
20221207,감자,41092,327000,235750,-27.9
20221206,감자,40110,231000,223000,-3.5
20221205,감자,41426,252000,201000,-20.2
20221203,감자,42443,182000,209000,14.8
20221202,감자,40804,187000,249000,33.2
20221201,감자,39510,186000,238000,28
20221130,감자,40153,210000,205000,-2.4
20221129,감자,42115,245000,225500,-8
20221128,감자,43320,243000,231000,-4.9
20221126,감자,39090,187000,186000,-0.5
20221125,감자,44949,220000,215400,-2.1
20221124,감자,42113,254000,225250,-11.3
20221123,감자,41823,183000,195750,7
20221122,감자,41342,192000,196000,2.1
20221121,감자,41432,248000,189250,-23.7
20221119,감자,40937,277000,182750,-34
20221118,감자,39504,220000,193200,-12.2
20221117,감자,42881,226000,240750,6.5
20221116,감자,40633,246000,235750,-4.2
20221115,감자,43226,225000,256000,13.8
20221114,감자,41870,310000,231000,-25.5
20221112,감자,41662,210000,214750,2.3
20221111,감자,43302,247000,209800,-15.1
20221110,감자,41322,199000,236750,19
20221109,감자,42259,207000,224500,8.5
20221108,감자,41922,187000,208750,11.6
20221107,감자,41667,213000,194500,-8.7
20221105,감자,39104,214000,151500,-29.2
20221104,감자,40170,259000,182000,-29.7
20221103,감자,39880,205000,201750,-1.6
20221102,감자,40043,191000,191500,0.3
20221101,감자,41123,181000,222750,23.1
20221031,감자,40385,200000,211750,5.9
20221029,감자,40003,220000,209000,-5
20221028,감자,38508,262000,225000,-14.1
20221027,감자,39677,183000,214750,17.3
20221026,감자,37783,238000,165500,-30.5
20221025,감자,37892,219000,218250,-0.3
20221024,감자,37258,224000,228750,2.1
20221022,감자,36807,274000,222750,-18.7
20221021,감자,37716,242000,234400,-3.1
20221020,감자,37349,257000,274250,6.7
20221019,감자,39228,245000,229750,-6.2
20221018,감자,39308,224000,238250,6.4
20221017,감자,38710,231000,216500,-6.3
20221015,감자,39735,261000,229250,-12.2
20221014,감자,38292,224000,207000,-7.6
20221013,감자,37831,196000,200250,2.2
20221012,감자,37995,221000,202750,-8.3
20221011,감자,36736,190000,213250,12.2
20221010,감자,36726,229000,194750,-15
20221008,감자,36344,340000,212333,-37.5
20221007,감자,36471,258000,179500,-30.4
20221006,감자,36017,185000,195667,5.8
20221005,감자,37548,263000,129000,-51
20221004,감자,37293,174000,214333,23.2
20221003,감자,38544,170000,158000,-7.1
20221001,감자,37534,195000,183000,-6.2
20220930,감자,36111,208000,195800,-5.9
20220929,감자,35722,217000,214000,-1.4
20220928,감자,36951,263000,229667,-12.7
20220927,감자,37998,219000,287333,31.2
20220926,감자,37399,168000,210667,25.4
20220924,감자,36419,214000,147667,-31
20220923,감자,37025,262000,233333,-10.9
20220922,감자,36978,235000,188250,-19.9
20220920,감자,39405,232000,247500,6.7
20220919,감자,38787,247000,209500,-15.2
20220917,감자,38361,198000,208000,5.1
20220916,감자,39685,206000,171500,-16.7
20220915,감자,40466,235000,184667,-21.4
20220914,감자,40544,25000,224500,798
20220913,감자,43267,306000,190500,-37.7
20220909,감자,45850,302000,212200,-29.7
20220908,감자,43654,243000,269750,11
20220907,감자,45385,281000,213500,-24
20220906,감자,43770,296000,227750,-23.1
20220905,감자,41278,246000,217750,-11.5
20220903,감자,38056,314000,193750,-38.3
20220902,감자,35883,251000,228600,-8.9
20220901,감자,35742,275000,225000,-18.2
20220831,감자,34938,261000,215500,-17.4
20220830,감자,35578,243000,254750,4.8
20220829,감자,36120,288000,240500,-16.5
20220827,감자,35801,282000,185000,-34.4
20220826,감자,37119,264000,218400,-17.3
20220825,감자,37758,210000,236750,12.7
20220824,감자,37804,299000,182000,-39.1
20220823,감자,37654,200000,200000,0
20220822,감자,37711,244000,221250,-9.3
20220820,감자,36117,241000,200750,-16.7
20220819,감자,37695,281000,178000,-36.7
20220818,감자,37252,256000,162500,-36.5
20220817,감자,39468,271000,166500,-38.6
20220816,감자,39882,177000,241500,36.4
20220815,감자,39290,176000,205500,16.8
20220813,감자,40512,217000,234500,8.1
20220812,감자,40339,199000,225400,13.3
20220811,감자,36215,361000,231000,-36
20220810,감자,35127,300000,187750,-37.4
20220809,감자,36518,181000,185000,2.2
20220808,감자,39770,208000,213333,2.6
20220805,감자,42682,182000,220750,21.3
20220804,감자,38881,192000,192000,0
20220803,감자,36401,175000,193000,10.3
20220802,감자,34103,148000,176500,19.3
20220801,감자,34369,220000,201000,-8.6
20220730,감자,30215,234000,178250,-23.8
20220729,감자,31267,258000,189200,-26.7
20220728,감자,32297,266000,186500,-29.9
20220727,감자,35053,258000,247000,-4.3
20220726,감자,36179,163000,195000,19.6
20220725,감자,38035,208000,227500,9.4
20220723,감자,37670,180000,206250,14.6
20220722,감자,37775,225000,176600,-21.5
20220721,감자,36738,171000,214000,25.1
20220720,감자,36307,217000,223000,2.8
20220719,감자,35445,205000,210250,2.6
20220718,감자,33309,225000,251250,11.7
20220716,감자,30654,273000,240500,-11.9
20220715,감자,31370,306000,215200,-29.7
20220714,감자,32510,249000,246750,-0.9
20220713,감자,36933,158000,199000,25.9
20220712,감자,39461,190000,331500,74.5
20220711,감자,40507,213000,270250,26.9
20220709,감자,34827,296000,292250,-1.3
20220708,감자,31429,347000,294200,-15.2
20220707,감자,28726,345000,283250,-17.9
20220706,감자,29297,320000,340750,6.5
20220705,감자,30075,167000,356250,113.3
20220704,감자,33929,246000,388000,57.7
20220702,감자,34026,349000,341500,-2.1
20220701,감자,30935,472000,364600,-22.8
20220630,감자,33435,367000,362500,-1.2
20220629,감자,36289,362000,370000,2.2
20220628,감자,39568,273000,458750,68
20220627,감자,36996,262000,442750,69
20220625,감자,36526,378000,480750,27.2
20220624,감자,36058,424000,490800,15.8
20220623,감자,33117,605000,511750,-15.4
20220622,감자,31900,640000,474750,-25.8
20220621,감자,31434,450000,568000,26.2
20220620,감자,35674,414000,567750,37.1
20220618,감자,38014,261000,490500,87.9
20220617,감자,38316,315000,579000,83.8
20220616,감자,38481,439000,574750,30.9
20220615,감자,35692,614000,530500,-13.6
20220614,감자,34281,483000,507500,5.1
20220613,감자,33497,434000,516000,18.9
20220611,감자,35426,416000,538000,29.3
20220610,감자,36326,476000,476800,0.2
20220609,감자,35168,255000,571000,123.9
20220608,감자,36523,263000,448750,70.6
20220607,감자,39267,439000,451500,2.8
20220606,감자,35377,479000,536000,11.9
20220604,감자,30945,477000,469750,-1.5
20220603,감자,32088,383000,448000,17
20220602,감자,35124,330000,542750,64.5
20220601,감자,38468,471000,410000,-13
20220531,감자,37776,346000,428250,23.8
20220530,감자,35064,405000,532000,31.4
20220528,감자,33158,382000,455000,19.1
20220527,감자,34379,361000,471600,30.6
20220526,감자,38508,403000,410333,1.8
20220525,감자,41651,349000,403250,15.5
20220524,감자,48870,279000,332500,19.2
20220523,감자,52114,353000,270500,-23.4
20220521,감자,53170,299000,289500,-3.2
20220520,감자,55469,319000,313400,-1.8
20220519,감자,56479,368000,289500,-21.3
20220518,감자,52268,393000,271250,-31
20220517,감자,51298,246000,397750,61.7
20220516,감자,51160,278000,389500,40.1
20220514,감자,51393,314000,354750,13
20220513,감자,48570,375000,365400,-2.6
20220512,감자,49319,329000,340000,3.3
20220511,감자,57023,354000,291500,-17.7
20220510,감자,65441,291000,334750,15
20220509,감자,69570,297000,322750,8.7
20220507,감자,71667,261000,333600,27.8
20220506,감자,73889,284000,334750,17.9
20220505,감자,76001,270000,287250,6.4
20220504,감자,75367,223000,295750,32.6
20220503,감자,71847,298000,321000,7.7
20220502,감자,70003,272000,290000,6.6
20220430,감자,68744,244000,347200,42.3
20220429,감자,68878,292000,338000,15.8
20220428,감자,75644,256000,280500,9.6
20220427,감자,76159,229000,312000,36.2
20220426,감자,75872,273000,355000,30
20220425,감자,75350,263000,278500,5.9
20220423,감자,73033,293000,339800,16
20220422,감자,71665,292000,296250,1.5
20220421,감자,69993,278000,308750,11.1
20220420,감자,67609,335000,325250,-2.9
20220419,감자,66390,312000,285000,-8.7
20220418,감자,63155,248000,284400,14.7
20220416,감자,61552,269000,347800,29.3
20220415,감자,61107,238000,328250,37.9
20220414,감자,60815,306000,276750,-9.6
20220413,감자,64506,298000,321500,7.9
20220412,감자,61743,315000,260000,-17.5
20220411,감자,53050,294000,311200,5.9
20220409,감자,54166,272000,308500,13.4
20220408,감자,56978,307000,273000,-11.1
20220407,감자,59922,218000,289000,32.6
20220406,감자,67496,243000,304250,25.2
20220405,감자,72690,272000,240500,-11.6
20220404,감자,75984,269000,275200,2.3
20220402,감자,82894,197000,284250,44.3
20220401,감자,74950,208000,270250,29.9
20220331,감자,81065,183000,252250,37.8
20220330,감자,83220,241000,263750,9.4
20220329,감자,79453,209000,262750,25.7
20220328,감자,76308,273000,294800,8
20220326,감자,73916,266000,309000,16.2
20220325,감자,67483,294000,281000,-4.4
20220324,감자,67479,183000,242250,32.4
20220323,감자,65696,265000,241500,-8.9
20220322,감자,59107,322000,210750,-34.5
20220321,감자,66709,287000,230800,-19.6
20220319,감자,61359,236000,278250,17.9
20220318,감자,47819,265000,267500,0.9
20220317,감자,51520,219000,280000,27.9
20220316,감자,47134,231000,244500,5.8
20220315,감자,48696,237000,247600,4.5
20220314,감자,48776,239000,261750,9.5
20220312,감자,47501,305000,289750,-5
20220311,감자,47956,181000,302500,67.1
20220310,감자,46924,293000,255250,-12.9
20220309,감자,50407,254000,238500,-6.1
20220308,감자,44710,271000,236600,-12.7
20220307,감자,48001,289000,154000,-46.7
20220305,감자,53014,229000,272750,19.1
20220304,감자,49711,164000,259250,58.1
20220303,감자,47686,256000,234000,-8.6
20220302,감자,47661,229000,236000,3.1
20220301,감자,50814,194000,235250,21.3
20220228,감자,49933,212000,217600,2.6
20220226,감자,49392,214000,266500,24.5
20220225,감자,46965,95000,225750,137.6
20220224,감자,53193,110000,233750,112.5
20220223,감자,52188,165000,264667,60.4
20220222,감자,57832,199000,201333,1.2
20220221,감자,43006,300000,183800,-38.7
20220219,감자,44330,317000,228500,-27.9
20220218,감자,51963,140000,257667,84
20220217,감자,42908,203000,273333,34.6
20220216,감자,45277,215000,221500,3
20220215,감자,43155,281000,225750,-19.7
20220214,감자,48358,238000,250800,5.4
20220212,감자,40022,384000,228667,-40.5
20220211,감자,41591,210000,279000,32.9
20220210,감자,38171,226000,164500,-27.2
20220209,감자,40356,57000,239500,320.2
20220208,감자,40351,204000,298333,46.2
20220207,감자,47351,343000,129667,-62.2
20220205,감자,52816,330000,169000,-48.8
20220204,감자,46008,348000,216750,-37.7
20220129,감자,39161,306000,215333,-29.6
20220128,감자,41064,138000,229750,66.5
20220127,감자,43094,250000,221250,-11.5
20220126,감자,40558,282000,243000,-13.8
20220125,감자,43882,262000,266750,1.8
20220124,감자,45850,283000,269000,-4.9
20220122,감자,43391,315000,232000,-26.3
20220121,감자,42836,117000,285250,143.8
20220120,감자,44843,218000,260750,19.6
20220119,감자,43894,210000,253750,20.8
20220118,감자,43845,199000,211250,6.2
20220117,감자,46872,317000,208500,-34.2
20220115,감자,46676,301000,279250,-7.2
20220114,감자,45322,150000,252500,68.3
20220113,감자,39149,301000,322500,7.1
20220112,감자,42183,307000,297500,-3.1
20220111,감자,39494,366000,272750,-25.5
20220110,감자,40957,335000,306800,-8.4
20220108,감자,46827,316000,376000,19
20220107,감자,42389,82000,83500,1.8
20220106,감자,43278,279000,217000,-22.2
20220105,감자,39962,205000,171500,-16.3
20220104,감자,42545,181000,219000,21
20220103,감자,43773,146000,255500,75
20211231,감자,48442,170000,240500,41.5
20211230,감자,47617,302000,237750,-21.3
20211229,감자,47530,248000,244750,-1.3
20211228,감자,47032,210000,244250,16.3
20211227,감자,50842,167000,260000,55.7
20211225,감자,42247,128000,263250,105.7
20211224,감자,43610,130000,249500,91.9
20211223,감자,47763,236000,243500,3.2
20211222,감자,39956,142000,195500,37.7
20211221,감자,40877,245000,223250,-8.9
20211220,감자,38191,224000,230800,3
20211218,감자,29967,274000,260250,-5
20211217,감자,33992,274000,231600,-15.5
20211216,감자,32327,174000,201500,15.8
20211215,감자,34716,241000,214000,-11.2
20211214,감자,34326,251000,212000,-15.5
20211213,감자,35667,234000,197000,-15.8
20211211,감자,33082,280000,224600,-19.8
20211210,감자,34261,288000,249000,-13.5
20211209,감자,34564,214000,212000,-0.9
20211208,감자,37820,225000,227250,1
20211207,감자,34670,229000,198750,-13.2
20211206,감자,35703,186000,215250,15.7
20211204,감자,36014,251000,251800,0.3
20211203,감자,36119,237000,221250,-6.6
20211202,감자,35026,132000,216750,64.2
20211201,감자,33710,213000,210000,-1.4
20211130,감자,36433,214000,228500,6.8
20211129,감자,34471,169000,199500,18
20211127,감자,35192,214000,227400,6.3
20211126,감자,37139,217000,216000,-0.5
20211125,감자,35479,128000,201250,57.2
20211124,감자,36960,184000,185750,1
20211123,감자,35939,172000,192750,12.1
20211122,감자,36350,221000,192000,-13.1
20211120,감자,34254,207000,202800,-2
20211119,감자,34934,258000,262250,1.6
20211118,감자,32149,192000,237250,23.6
20211117,감자,33347,184000,264250,43.6
20211116,감자,32820,238000,239750,0.7
20211115,감자,36607,162000,240500,48.5
20211113,감자,32753,119000,227200,90.9
20211112,감자,33308,170000,248250,46
20211111,감자,33694,187000,220000,17.6
20211110,감자,34977,186000,209000,12.4
20211109,감자,30393,223000,186500,-16.4
20211108,감자,30085,202000,157250,-22.2
20211106,감자,27803,214000,177000,-17.3
20211105,감자,28691,231000,191750,-17
20211104,감자,30270,155000,212000,36.8
20211103,감자,30031,284000,187250,-34.1
20211102,감자,28285,232000,200500,-13.6
20211101,감자,30008,255000,190250,-25.4
20211030,감자,26812,244000,202400,-17
20211029,감자,28134,209000,199250,-4.7
20211028,감자,26360,122000,194500,59.4
20211027,감자,29708,228000,193500,-15.1
20211026,감자,29553,207000,211250,2.1
20211025,감자,30337,262000,230250,-12.1
20211023,감자,28652,235000,236400,0.6
20211022,감자,25548,263000,265500,1
20211021,감자,28516,169000,209250,23.8
20211020,감자,27416,239000,236500,-1
20211019,감자,28633,188000,223750,19
20211018,감자,29612,246000,243250,-1.1
20211016,감자,29932,161000,219200,36.1
20211015,감자,29962,170000,217250,27.8
20211014,감자,31417,157000,254750,62.3
20211013,감자,29545,183000,206750,13
20211012,감자,29808,215000,181250,-15.7
20211011,감자,28475,244000,185000,-24.2
20211009,감자,28425,223000,179250,-19.6
20211008,감자,27388,230000,180667,-21.4
20211007,감자,28774,142000,216667,52.6
20211006,감자,29194,209000,209333,0.2
20211005,감자,30069,194000,198000,2.1
20211004,감자,29522,243000,180250,-25.8
20211002,감자,26996,212000,187200,-11.7
20211001,감자,28578,227000,216500,-4.6
20210930,감자,29625,191000,221667,16.1
20210929,감자,30658,310000,245000,-21
20210928,감자,30972,133000,252000,89.5
20210927,감자,31016,254000,245333,-3.4
20210925,감자,29321,183000,218333,19.3
20210924,감자,30796,239000,197667,-17.3
20210918,감자,32465,161000,132000,-18
20210917,감자,33881,175000,175333,0.2
20210916,감자,33166,127000,208250,64
20210915,감자,33594,222000,255750,15.2
20210914,감자,31895,278000,216000,-22.3
20210913,감자,28020,203000,215750,6.3
20210911,감자,26263,264000,207600,-21.4
20210910,감자,27698,270000,271000,0.4
20210909,감자,27873,227000,258000,13.7
20210908,감자,28815,233000,215250,-7.6
20210907,감자,30236,206000,223250,8.4
20210906,감자,30826,197000,195000,-1
20210904,감자,30491,238000,224000,-5.9
20210903,감자,29881,258000,219750,-14.8
20210902,감자,29691,164000,221750,35.2
20210901,감자,30696,181000,246500,36.2
20210831,감자,28788,244000,238000,-2.5
20210830,감자,29066,211000,188000,-10.9
20210828,감자,27225,250000,208200,-16.7
20210827,감자,27839,259000,219750,-15.2
20210826,감자,28329,103000,194250,88.6
20210825,감자,29729,117000,219000,87.2
20210824,감자,29512,167000,230500,38
20210823,감자,30356,176000,222250,26.3
20210821,감자,30084,179000,196600,9.8
20210820,감자,30165,170000,155250,-8.7
20210819,감자,29021,120000,188000,56.7
20210818,감자,29705,193000,257667,33.5
20210817,감자,28599,168000,204000,21.4
20210816,감자,30501,230000,224500,-2.4
20210814,감자,30810,229000,231800,1.2
20210813,감자,29384,284000,221750,-21.9
20210812,감자,29194,246000,190000,-22.8
20210811,감자,30471,152000,196667,29.4
20210810,감자,30809,174000,236000,35.6
20210809,감자,31531,205000,213000,3.9
20210806,감자,32185,192000,192250,0.1
20210805,감자,28123,131000,229000,74.8
20210804,감자,26295,136000,175000,28.7
20210803,감자,25491,170000,202000,18.8
20210802,감자,23372,175000,182500,4.3
20210731,감자,24450,211000,184800,-12.4
20210730,감자,24027,174000,196750,13.1
20210729,감자,22848,117000,227250,94.2
20210728,감자,22707,145000,201250,38.8
20210727,감자,23562,181000,250250,38.3
20210726,감자,24373,210000,214000,1.9
20210724,감자,25648,200000,171000,-14.5
20210723,감자,21536,150000,221500,47.7
20210722,감자,21760,107000,245500,129.4
20210721,감자,22527,98000,245250,150.3
20210720,감자,24625,151000,292250,93.5
20210719,감자,24974,230000,252500,9.8
20210717,감자,22543,232000,219600,-5.3
20210716,감자,20087,288000,251000,-12.8
20210715,감자,15289,207000,268500,29.7
20210714,감자,15874,240000,334250,39.3
20210713,감자,17941,243000,287500,18.3
20210712,감자,19990,235000,313250,33.3
20210710,감자,21327,195000,318000,63.1
20210709,감자,22767,184000,284250,54.5
20210708,감자,22135,238000,362750,52.4
20210707,감자,22169,279000,320250,14.8
20210706,감자,22450,278000,379750,36.6
20210705,감자,22382,354000,338250,-4.4
20210703,감자,18410,267000,412400,54.5
20210702,감자,17947,308000,444750,44.4
20210701,감자,18624,309000,490250,58.7
20210630,감자,18599,328000,442000,34.8
20210629,감자,18637,343000,474000,38.2
20210628,감자,18960,460000,462500,0.5
20210626,감자,18725,479000,501200,4.6
20210625,감자,18871,509000,578500,13.7
20210624,감자,18756,290000,555500,91.6
20210623,감자,18911,409000,644000,57.5
20210622,감자,20008,408000,571500,40.1
20210621,감자,20532,293000,504500,72.2
20210619,감자,21074,516000,597600,15.8
20210618,감자,18661,485000,570500,17.6
20210617,감자,19401,420000,419250,-0.2
20210616,감자,19181,484000,540500,11.7
20210615,감자,16998,563000,558500,-0.8
20210614,감자,16756,678000,512000,-24.5
20210612,감자,15949,598000,458200,-23.4
20210611,감자,17266,860000,482500,-43.9
20210610,감자,16795,255000,520750,104.2
20210609,감자,17923,264000,504250,91
20210608,감자,19327,427000,565500,32.4
20210607,감자,21266,489000,489000,0
20210605,감자,30509,497000,461600,-7.1
20210604,감자,24528,521000,545500,4.7
20210603,감자,20196,371000,408000,10
20210602,감자,17525,530000,441750,-16.7
20210601,감자,17846,590000,530250,-10.1
20210531,감자,19168,553000,421750,-23.7
20210529,감자,22615,591000,413200,-30.1
20210528,감자,22588,483000,404333,-16.3
20210527,감자,22906,256000,366250,43.1
20210526,감자,23987,224000,396250,76.9
20210525,감자,27657,383000,288500,-24.7
20210524,감자,31112,302000,340750,12.8
20210522,감자,35413,275000,332400,20.9
20210521,감자,29736,326000,325750,-0.1
20210520,감자,29960,474000,363750,-23.3
20210519,감자,31268,435000,386000,-11.3
20210518,감자,30814,556000,364500,-34.4
20210517,감자,28226,519000,320250,-38.3
20210515,감자,27292,481000,351400,-26.9
20210514,감자,29030,488000,329000,-32.6
20210513,감자,30448,387000,330500,-14.6
20210512,감자,32381,420000,295500,-29.6
20210511,감자,33197,475000,287000,-39.6
20210510,감자,33780,353000,310750,-12
20210508,감자,33220,407000,323800,-20.4
20210507,감자,34107,474000,314250,-33.7
20210506,감자,36392,289000,286500,-0.9
20210505,감자,37298,316000,296250,-6.3
20210504,감자,37365,258000,343500,33.1
20210503,감자,35616,360000,282500,-21.5
20210501,감자,37370,335000,348200,3.9
20210430,감자,36151,440000,310500,-29.4
20210429,감자,35671,310000,270250,-12.8
20210428,감자,36313,350000,313250,-10.5
20210427,감자,37070,426000,327750,-23.1
20210426,감자,37005,342000,277500,-18.9
20210424,감자,42035,382000,341600,-10.6
20210423,감자,42719,357000,290750,-18.6
20210422,감자,44167,316000,304250,-3.7
20210421,감자,47418,372000,284000,-23.7
20210420,감자,47379,350000,333750,-4.6
20210419,감자,49167,257000,282250,9.8
20210417,감자,50784,205000,310800,51.6
20210416,감자,49534,402000,351400,-12.6
20210415,감자,53175,264000,312500,18.4
20210414,감자,53659,283000,257500,-9
20210413,감자,51608,305000,304000,-0.3
20210412,감자,44249,381000,239000,-37.3
20210410,감자,49826,400000,293600,-26.6
20210409,감자,50406,282000,304250,7.9
20210408,감자,52104,193000,313500,62.4
20210407,감자,54433,247000,274250,11
20210406,감자,55871,267000,312750,17.1
20210405,감자,49112,250000,265500,6.2
20210403,감자,61994,242000,277600,14.7
20210402,감자,47354,296000,278000,-6.1
20210401,감자,47739,145000,286500,97.6
20210331,감자,46602,264000,240500,-8.9
20210330,감자,43242,219000,259250,18.4
20210329,감자,50721,267000,261000,-2.2
20210327,감자,54474,324000,283800,-12.4
20210326,감자,54642,376000,277000,-26.3
20210325,감자,52333,200000,289000,44.5
20210324,감자,50903,262000,219750,-16.1
20210323,감자,50877,230000,228000,-0.9
20210322,감자,47641,276000,200250,-27.4
20210320,감자,52075,269000,237200,-11.8
20210319,감자,41002,239000,307750,28.8
20210318,감자,45399,181000,293000,61.9
20210317,감자,41338,196000,260500,32.9
20210316,감자,40095,206000,202750,-1.6
20210315,감자,45803,304000,252250,-17
20210313,감자,42146,289000,243400,-15.8
20210312,감자,44483,370000,248750,-32.8
20210311,감자,47695,215000,295250,37.3
20210310,감자,48059,334000,258250,-22.7
20210309,감자,36114,288000,236000,-18.1
20210308,감자,39901,245000,237750,-3
20210306,감자,44293,236000,231200,-2
20210305,감자,39490,110000,186250,69.3
20210304,감자,42416,136000,233800,71.9
20210303,감자,47572,227000,268500,18.3
20210302,감자,44195,217000,236000,8.8
20210301,감자,33911,253000,226500,-10.5
20210225,감자,42959,256000,239250,-6.5
20210224,감자,43218,253000,236800,-6.4
20210223,감자,43584,171000,240400,40.6
20210222,감자,52936,176000,228000,29.5
20210220,감자,37840,172000,241750,40.6
20210219,감자,31785,264000,261333,-1
20210218,감자,33198,226000,197333,-12.7
20210217,감자,36204,288000,182600,-36.6
20210216,감자,38504,190000,232000,22.1
20210215,감자,48308,245000,219333,-10.5
20210211,감자,47804,311000,235750,-24.2
20210210,감자,47804,188000,182250,-3.1
20210209,감자,42714,300000,245667,-18.1
20210208,감자,44532,269000,183250,-31.9
20210206,감자,46014,286000,243250,-14.9
20210205,감자,56326,226000,226500,0.2
20210204,감자,52739,292000,238250,-18.4
20210203,감자,58156,116000,174250,50.2
20210202,감자,45041,170000,266500,56.8
20210201,감자,47002,313000,319000,1.9
20210130,감자,45063,308000,131667,-57.3
20210129,감자,44545,362000,144250,-60.2
20210128,감자,43192,413000,170750,-58.7
20210127,감자,40026,177000,199000,12.4
20210126,감자,42484,198000,226500,14.4
20210125,감자,48284,199000,217000,9
20210123,감자,58488,221000,230500,4.3
20210122,감자,46724,280000,243750,-12.9
20210121,감자,54534,253000,272800,7.8
20210120,감자,46040,201000,211400,5.2
20210119,감자,49314,326000,255250,-21.7
20210118,감자,46628,336000,245000,-27.1
20210116,감자,43537,282000,258500,-8.3
20210115,감자,40538,307000,210750,-31.4
20210114,감자,46924,286000,195250,-31.7
20210113,감자,47162,82000,258800,215.6
20210112,감자,43306,169000,284500,68.3
20210111,감자,48643,220000,326000,48.2
20210109,감자,46777,267000,291500,9.2
20210108,감자,51812,227000,281250,23.9
20210107,감자,53625,357000,297400,-16.7
20210106,감자,45119,61000,95500,56.6
20210105,감자,35509,309000,197500,-36.1
20210104,감자,32076,309000,171500,-44.5
20201231,감자,37702,300000,220000,-26.7
20201230,감자,32286,164000,179800,9.6
20201229,감자,33342,250000,238000,-4.8
20201228,감자,36048,321000,230750,-28.1
20201226,감자,42097,353000,228000,-35.4
20201225,감자,35626,297000,221000,-25.6
20201224,감자,36140,325000,255400,-21.4
20201223,감자,33271,186000,214600,15.4
20201222,감자,34280,232000,229000,-1.3
20201221,감자,35668,213000,236000,10.8
20201219,감자,36468,155000,218250,40.8
20201218,감자,32462,236000,222750,-5.6
20201217,감자,34009,244000,234200,-4
20201216,감자,32008,185000,231400,25.1
20201215,감자,29356,183000,232000,26.8
20201214,감자,32652,235000,226750,-3.5
20201212,감자,27740,276000,233000,-15.6
20201211,감자,27398,234000,200600,-14.3
20201210,감자,27076,261000,224000,-14.2
20201209,감자,27926,185000,258200,39.6
20201208,감자,29664,219000,199500,-8.9
20201207,감자,30095,195000,244750,25.5
20201205,감자,29885,251000,214250,-14.6
20201204,감자,29171,239000,208750,-12.7
20201203,감자,27850,192000,251800,31.1
20201202,감자,26814,146000,201400,37.9
20201201,감자,27174,242000,208333,-13.9
20201130,감자,27872,258000,219000,-15.1
20201128,감자,26717,250000,240500,-3.8
20201127,감자,29613,250000,193000,-22.8
20201126,감자,29833,214000,236200,10.4
20201125,감자,29637,137000,189600,38.4
20201124,감자,29001,196000,212750,8.5
20201123,감자,29189,185000,180750,-2.3
20201121,감자,29816,182000,200750,10.3
20201120,감자,29751,214000,194000,-9.3
20201119,감자,28719,206000,203200,-1.4
20201118,감자,29648,234000,217600,-7
20201117,감자,29104,257000,267250,4
20201116,감자,28057,280000,280250,0.1
20201114,감자,26991,259000,245750,-5.1
20201113,감자,27616,286000,229000,-19.9
20201112,감자,28735,274000,200800,-26.7
20201111,감자,29651,171000,215400,26
20201110,감자,29999,221000,223750,1.2
20201109,감자,29609,153000,224250,46.6
20201107,감자,30746,194000,185250,-4.5
20201106,감자,29167,156000,179250,14.9
20201105,감자,28397,137000,192000,40.1
20201104,감자,29146,189000,188600,-0.2
20201103,감자,25855,221000,215750,-2.4
20201102,감자,27969,214000,188500,-11.9
20201031,감자,27457,196000,201250,2.7
20201030,감자,27882,233000,193500,-17
20201029,감자,28412,243000,194200,-20.1
20201028,감자,30049,140000,176600,26.1
20201027,감자,28630,208000,207000,-0.5
20201026,감자,26680,247000,188000,-23.9
20201024,감자,27298,240000,199750,-16.8
20201023,감자,27617,221000,229500,3.8
20201022,감자,27871,183000,246600,34.8
20201021,감자,29397,157000,229000,45.9
20201020,감자,28950,176000,224500,27.6
20201019,감자,28305,225000,250000,11.1
20201017,감자,25827,264000,227750,-13.7
20201016,감자,23903,266000,238000,-10.5
20201015,감자,26460,259000,196800,-24
20201014,감자,26716,223000,192800,-13.5
20201013,감자,27327,256000,262000,2.3
20201012,감자,29438,256000,213500,-16.6
20201010,감자,27769,223000,201500,-9.6
20201009,감자,30435,281000,176000,-37.4
20201008,감자,31138,101000,226750,124.5
20201007,감자,31124,26000,239500,821.2
20201006,감자,31165,134000,195667,46
20201005,감자,32463,170000,191500,12.6
20200930,감자,40500,176000,264667,50.4
20200929,감자,40504,192000,200667,4.5
20200928,감자,34947,194000,233000,20.1
20200926,감자,30006,227000,213750,-5.8
20200925,감자,28667,200000,193750,-3.1
20200924,감자,29024,271000,209200,-22.8
20200923,감자,28097,257000,171800,-33.2
20200922,감자,28539,321000,224000,-30.2
20200921,감자,28551,221000,274333,24.1
20200919,감자,28412,221000,231333,4.7
20200918,감자,29769,295000,183000,-38
20200917,감자,31541,173000,143000,-17.3
20200916,감자,31267,183000,176000,-3.8
20200915,감자,31217,178000,225250,26.5
20200914,감자,30351,269000,268250,-0.3
20200912,감자,30819,217000,231750,6.8
20200911,감자,30333,159000,246250,54.9
20200910,감자,30137,224000,195600,-12.7
20200909,감자,30100,178000,228400,28.3
20200908,감자,29161,208000,289250,39.1
20200907,감자,29789,208000,235750,13.3
20200905,감자,28170,175000,272000,55.4
20200904,감자,28130,183000,235750,28.8
20200903,감자,29522,252000,234800,-6.8
20200902,감자,28653,184000,234200,27.3
20200901,감자,27924,195000,244500,25.4
20200831,감자,27870,218000,258500,18.6
20200829,감자,28899,206000,235750,14.4
20200828,감자,30654,174000,213250,22.6
20200827,감자,31772,198000,226000,14.1
20200826,감자,32368,119000,204600,71.9
20200825,감자,33448,202000,214500,6.2
20200824,감자,31271,221000,240500,8.8
20200822,감자,28255,194000,252750,30.3
20200821,감자,26747,211000,254000,20.4
20200820,감자,27899,203000,209000,3
20200819,감자,28265,124000,150000,21
20200818,감자,30773,159000,203500,28
20200817,감자,31733,254000,260000,2.4
20200815,감자,28476,303000,194000,-36
20200814,감자,27247,293000,212750,-27.4
20200813,감자,25667,232000,235000,1.3
20200812,감자,30089,126000,218400,73.3
20200811,감자,32285,164000,241000,47
20200810,감자,33575,120000,253667,111.4
20200808,감자,31779,145000,245333,69.2
20200807,감자,25519,214000,272667,27.4
20200806,감자,25373,290000,214500,-26
20200805,감자,24128,265000,244000,-7.9
20200804,감자,24365,205000,160000,-22
20200803,감자,25267,224000,210750,-5.9
20200731,감자,26320,203000,186250,-8.3
20200730,감자,26561,178000,201800,13.4
20200729,감자,25640,123000,247000,100.8
20200728,감자,24401,228000,216750,-4.9
20200727,감자,22718,212000,214500,1.2
20200725,감자,19301,321000,242500,-24.5
20200724,감자,18378,258000,222250,-13.9
20200723,감자,19980,156000,205000,31.4
20200722,감자,20586,186000,233250,25.4
20200721,감자,22864,239000,256750,7.4
20200720,감자,24716,243000,190250,-21.7
20200718,감자,20492,350000,277750,-20.6
20200717,감자,19796,217000,245000,12.9
20200716,감자,20772,178000,225400,26.6
20200715,감자,18603,155000,234400,51.2
20200714,감자,19152,317000,265500,-16.2
20200713,감자,20812,331000,318000,-3.9
20200711,감자,18424,413000,253000,-38.7
20200710,감자,16857,342000,312500,-8.6
20200709,감자,17761,421000,323000,-23.3
20200708,감자,18754,365000,311400,-14.7
20200707,감자,20220,258000,372500,44.4
20200706,감자,20881,433000,294250,-32
20200704,감자,21229,289000,410250,42
20200703,감자,21062,338000,398750,18
20200702,감자,19162,474000,437600,-7.7
20200701,감자,20387,447000,376600,-15.7
20200630,감자,21349,463000,482750,4.3
20200629,감자,19871,253000,549500,117.2
20200627,감자,20394,322000,561500,74.4
20200626,감자,21888,457000,506000,10.7
20200625,감자,23231,582000,493600,-15.2
20200624,감자,19978,441000,592000,34.2
20200623,감자,16836,475000,599750,26.3
20200622,감자,19436,452000,677500,49.9
20200620,감자,21738,496000,602500,21.5
20200619,감자,23891,383000,567500,48.2
20200618,감자,24640,540000,618600,14.6
20200617,감자,24846,354000,570000,61
20200616,감자,26811,214000,501750,134.5
20200615,감자,26969,394000,658750,67.2
20200613,감자,28990,461000,614000,33.2
20200612,감자,24597,533000,538000,0.9
20200611,감자,22624,646000,499400,-22.7
20200610,감자,20064,413000,418400,1.3
20200609,감자,20854,476000,537500,12.9
20200608,감자,23623,408000,525500,28.8
20200606,감자,28647,361000,631750,75
20200605,감자,30348,427000,515750,20.8
20200604,감자,30784,292000,491800,68.4
20200602,감자,29498,352000,385250,9.4
20200601,감자,35568,399000,425000,6.5
20200530,감자,27391,377000,478500,26.9
20200529,감자,24496,392000,553000,41.1
20200528,감자,22860,400000,406750,1.7
20200527,감자,23461,622000,400800,-35.6
20200526,감자,27318,397000,457000,15.1
20200525,감자,28525,404000,384250,-4.9
20200522,감자,33662,405000,387750,-4.3
20200521,감자,36050,230000,316500,37.6
20200520,감자,43471,346000,327750,-5.3
20200519,감자,43878,383000,325600,-15
20200518,감자,42862,227000,347400,53
20200516,감자,37872,414000,369250,-10.8
20200515,감자,40954,404000,378500,-6.3
20200514,감자,44318,354000,353750,-0.1
20200513,감자,47428,257000,327750,27.5
20200512,감자,46675,278000,374400,34.7
20200511,감자,39951,278000,314000,12.9
20200509,감자,42808,387000,313000,-19.1
20200508,감자,44795,314000,312000,-0.6
20200507,감자,49509,289000,295500,2.2
20200506,감자,50913,274000,314500,14.8
20200505,감자,50356,351000,309400,-11.9
20200504,감자,48445,332000,276600,-16.7
20200502,감자,49578,339000,274000,-19.2
20200501,감자,51368,356000,261750,-26.5
20200430,감자,53289,374000,332500,-11.1
20200429,감자,52841,282000,304000,7.8
20200428,감자,54101,426000,345800,-18.8
20200427,감자,49870,264000,302600,14.6
20200425,감자,48432,315000,276750,-12.1
20200424,감자,46146,324000,304750,-5.9
20200423,감자,46626,359000,308250,-14.1
20200422,감자,46460,240000,311250,29.7
20200421,감자,47894,363000,333200,-8.2
20200420,감자,44862,226000,276000,22.1
20200418,감자,45368,313000,299250,-4.4
20200417,감자,44534,290000,284500,-1.9
20200416,감자,45596,364000,319750,-12.2
20200415,감자,44592,355000,263750,-25.7
20200414,감자,44801,419000,278800,-33.5
20200413,감자,45021,419000,334500,-20.2
20200411,감자,46194,338000,302200,-10.6
20200410,감자,44612,293000,313500,7
20200409,감자,44130,331000,228250,-31
20200408,감자,38010,349000,296250,-15.1
20200407,감자,39565,235000,243750,3.7
20200406,감자,31621,358000,273000,-23.7
20200404,감자,42102,236000,277400,17.5
20200403,감자,44168,346000,304750,-11.9
20200402,감자,43936,290000,295000,1.7
20200401,감자,47022,349000,303250,-13.1
20200331,감자,53052,288000,255000,-11.5
20200330,감자,40346,306000,245200,-19.9
20200328,감자,47272,240000,259600,8.2
20200327,감자,40461,260000,273250,5.1
20200326,감자,41304,317000,220250,-30.5
20200325,감자,41325,329000,237500,-27.8
20200324,감자,38552,401000,224250,-44.1
20200323,감자,40724,386000,265200,-31.3
20200321,감자,56990,220000,301400,37
20200320,감자,37850,255000,316750,24.2
20200319,감자,40185,209000,221250,5.9
20200318,감자,51170,238000,265000,11.3
20200317,감자,63527,241000,222500,-7.7
20200316,감자,38278,226000,256200,13.4
20200314,감자,52687,210000,281800,34.2
20200313,감자,45971,213000,312250,46.6
20200312,감자,29252,359000,226250,-37
20200311,감자,24580,248000,205750,-17
20200310,감자,27013,318000,249750,-21.5
20200309,감자,38062,396000,209600,-47.1
20200307,감자,33618,228000,289200,26.8
20200306,감자,37600,225000,290750,29.2
20200305,감자,37665,325000,249750,-23.2
20200304,감자,53569,266000,247000,-7.1
20200303,감자,34592,344000,210250,-38.9
20200302,감자,49457,472000,207600,-56
20200229,감자,65677,312000,238200,-23.7
20200228,감자,46796,423000,208500,-50.7
20200227,감자,68288,362000,216000,-40.3
20200226,감자,41809,301000,259250,-13.9
20200225,감자,45616,287000,217500,-24.2
20200224,감자,37494,353000,197000,-44.2
20200222,감자,39147,156000,257000,64.7
20200221,감자,31305,259000,269000,3.9
20200220,감자,28310,275000,231750,-15.7
20200219,감자,31024,305000,202333,-33.7
20200218,감자,33366,255000,180750,-29.1
20200217,감자,37072,329000,178667,-45.7
20200215,감자,34341,175000,184500,5.4
20200214,감자,30361,290000,199500,-31.2
20200213,감자,32736,222000,203800,-8.2
20200212,감자,27579,300000,224000,-25.3
20200211,감자,29517,366000,233500,-36.2
20200210,감자,38749,269000,250667,-6.8
20200208,감자,33870,155000,262667,69.5
20200207,감자,48965,184000,252000,37
20200206,감자,32938,255000,196000,-23.1
20200205,감자,29052,306000,220667,-27.9
20200204,감자,27225,210000,178000,-15.2
20200203,감자,31912,240000,238250,-0.7
20200201,감자,20529,145000,269333,85.7
20200131,감자,25183,220000,225000,2.3
20200130,감자,26886,176000,191000,8.5
20200129,감자,28255,262000,278000,6.1
20200128,감자,25425,290000,325000,12.1
20200124,감자,25567,116000,220800,90.3
20200123,감자,25567,172000,240750,40
20200122,감자,22025,221000,224750,1.7
20200121,감자,24842,270000,227000,-15.9
20200120,감자,25859,221000,285750,29.3
20200118,감자,36470,240000,214250,-10.7
20200117,감자,34342,233000,205000,-12
20200116,감자,37254,305000,245750,-19.4
20200115,감자,28079,249000,246000,-1.2
20200114,감자,31666,326000,254500,-21.9
20200113,감자,26539,376000,244750,-34.9
20200111,감자,29227,332000,245600,-26
20200110,감자,23525,266000,293000,10.2
20200109,감자,24161,406000,288000,-29.1
20200108,감자,21831,435000,243750,-44
20200107,감자,28769,239000,312000,30.5
20200106,감자,27555,305000,360750,18.3
20200104,감자,31755,131000,101500,-22.5
20200103,감자,26131,322000,176000,-45.3
20191231,감자,30908,163000,234250,43.7
20191230,감자,28902,239000,238500,-0.2
20191228,감자,34186,154000,182400,18.4
20191227,감자,24000,205000,244750,19.4
20191226,감자,22654,245000,238750,-2.6
20191225,감자,28054,242000,243250,0.5
20191224,감자,21605,204000,268250,31.5
20191223,감자,22667,235000,242250,3.1
20191221,감자,21760,301000,183200,-39.1
20191220,감자,18641,210000,217000,3.3
20191219,감자,18401,245000,231750,-5.4
20191218,감자,18481,246000,227250,-7.6
20191217,감자,19207,188000,245750,30.7
20191216,감자,19956,294000,232500,-20.9
20191214,감자,21088,282000,224000,-20.6
20191213,감자,20381,282000,245000,-13.1
20191212,감자,20388,281000,228750,-18.6
20191211,감자,22374,243000,212600,-12.5
20191210,감자,21647,185000,233750,26.4
20191209,감자,21644,260000,238750,-8.2
20191207,감자,20892,264000,249600,-5.5
20191206,감자,20120,180000,196250,9
20191205,감자,20193,192000,235500,22.7
20191204,감자,20792,190000,216500,13.9
20191203,감자,20083,236000,255750,8.4
20191202,감자,18751,219000,199750,-8.8
20191130,감자,18141,297000,169600,-42.9
20191129,감자,18528,223000,210000,-5.8
20191128,감자,19238,222000,213250,-3.9
20191127,감자,19976,287000,219250,-23.6
20191126,감자,20298,176000,251250,42.8
20191125,감자,23164,208000,181000,-13
20191123,감자,20970,208000,206600,-0.7
20191122,감자,20425,183000,241500,32
20191121,감자,20558,164000,213750,30.3
20191120,감자,18057,247000,214000,-13.4
20191119,감자,17775,187000,207250,10.8
20191118,감자,20318,230000,232750,1.2
20191116,감자,18073,267000,196000,-26.6
20191115,감자,20903,195000,274750,40.9
20191114,감자,18995,277000,269000,-2.9
20191113,감자,19551,211000,249750,18.4
20191112,감자,19668,174000,207500,19.3
20191111,감자,22652,248000,228750,-7.8
20191109,감자,18380,246000,213800,-13.1
20191108,감자,19750,217000,227000,4.6
20191107,감자,18841,231000,217750,-5.7
20191106,감자,18710,232000,164750,-29
20191105,감자,18567,195000,191250,-1.9
20191104,감자,19293,256000,164500,-35.7
20191102,감자,19468,200000,185750,-7.1
20191101,감자,19349,166000,230750,39
20191031,감자,18567,191000,195750,2.5
20191030,감자,17811,250000,211250,-15.5
20191029,감자,16960,167000,201000,20.4
20191028,감자,16440,228000,194000,-14.9
20191026,감자,15207,152000,184800,21.6
20191025,감자,14854,195000,197750,1.4
20191024,감자,16454,187000,205750,10
20191023,감자,15720,262000,179750,-31.4
20191022,감자,15666,213000,255000,19.7
20191021,감자,15746,326000,222250,-31.8
20191019,감자,16834,276000,207800,-24.7
20191018,감자,16799,274000,243500,-11.1
20191017,감자,17977,308000,232750,-24.4
20191016,감자,17640,237000,224000,-5.5
20191015,감자,18427,231000,188250,-18.5
20191014,감자,19381,214000,204000,-4.7
20191012,감자,18169,210000,207400,-1.2
20191011,감자,19118,224000,267750,19.5
20191010,감자,18645,167000,245500,47
20191009,감자,17709,299000,202250,-32.4
20191008,감자,17359,193000,238000,23.3
20191007,감자,17292,168000,159667,-5
20191005,감자,17050,146000,179800,23.2
20191004,감자,17157,221000,206750,-6.4
20191002,감자,15689,178000,219500,23.3
20191001,감자,15425,302000,201000,-33.4
20190930,감자,15612,188000,192667,2.5
20190928,감자,15937,189000,223000,18
20190927,감자,16315,268000,264667,-1.2
20190926,감자,15873,305000,158667,-48
20190925,감자,15937,358000,209000,-41.6
20190924,감자,17970,254000,219250,-13.7
20190923,감자,18855,192000,213500,11.2
20190921,감자,17828,248000,200250,-19.3
20190920,감자,17183,180000,182200,1.2
20190919,감자,17139,206000,250000,21.4
20190918,감자,16758,318000,295333,-7.1
20190917,감자,17150,283000,216667,-23.4
20190916,감자,18648,23000,231600,907
20190912,감자,17719,143000,270250,89
20190911,감자,20192,217000,285333,31.5
20190910,감자,19741,203000,241333,18.9
20190909,감자,18366,109000,217250,99.3
20190907,감자,15677,280000,204500,-27
20190906,감자,14996,197000,212200,7.7
20190905,감자,17593,265000,251000,-5.3
20190904,감자,17619,250000,218500,-12.6
20190903,감자,17888,287000,269750,-6
20190902,감자,17895,136000,259500,90.8
20190831,감자,15901,174000,246750,41.8
20190830,감자,14782,277000,246800,-10.9
20190829,감자,14399,206000,282000,36.9
20190828,감자,16004,353000,251000,-28.9
20190827,감자,16564,312000,224250,-28.1
20190826,감자,16663,185000,236250,27.7
20190824,감자,17691,252000,196500,-22
20190823,감자,17778,289000,176400,-39
20190822,감자,18695,269000,207000,-23
20190821,감자,19022,267000,240750,-9.8
20190820,감자,19931,279000,232750,-16.6
20190819,감자,20724,79000,241500,205.7
20190817,감자,22894,92000,170500,85.3
20190816,감자,18983,184000,148800,-19.1
20190815,감자,17466,167000,223250,33.7
20190814,감자,16778,234000,275667,17.8
20190813,감자,15445,181000,208750,15.3
20190812,감자,16494,205000,242500,18.3
20190810,감자,14732,245000,210250,-14.2
20190809,감자,15784,210000,207400,-1.2
20190808,감자,17916,240000,229000,-4.6
20190807,감자,18016,259000,271333,4.8
20190806,감자,19010,258000,235667,-8.7
20190805,감자,21002,176000,197667,12.3
20190802,감자,20795,194000,202500,4.4
20190801,감자,20501,224000,243750,8.8
20190731,감자,19708,208000,176000,-15.4
20190730,감자,20075,215000,233000,8.4
20190729,감자,19081,149000,215000,44.3
20190727,감자,18461,170000,199500,17.4
20190726,감자,20497,257000,245400,-4.5
20190725,감자,19910,184000,215750,17.3
20190724,감자,20219,203000,237250,16.9
20190723,감자,19868,184000,254250,38.2
20190722,감자,19551,134000,222750,66.2
20190720,감자,18964,292000,172250,-41
20190719,감자,18914,244000,242250,-0.7
20190718,감자,18368,234000,267250,14.2
20190717,감자,19224,268000,198750,-25.8
20190716,감자,19980,244000,281750,15.5
20190715,감자,19521,245000,220500,-10
20190713,감자,20526,294000,213250,-27.5
20190712,감자,20735,170000,256600,50.9
20190711,감자,20938,235000,287500,22.3
20190710,감자,17064,268000,338000,26.1
20190709,감자,15564,234000,280500,19.9
20190708,감자,15072,260000,338750,30.3
20190706,감자,15253,312000,258250,-17.2
20190705,감자,15330,365000,272600,-25.3
20190704,감자,15667,432000,330500,-23.5
20190703,감자,17205,391000,285000,-27.1
20190702,감자,18070,517000,369750,-28.5
20190701,감자,18582,435000,438250,0.7
20190629,감자,18923,374000,433750,16
20190628,감자,19163,324000,402200,24.1
20190627,감자,19634,622000,412750,-33.6
20190626,감자,16428,510000,526750,3.3
20190625,감자,18748,702000,475500,-32.3
20190624,감자,19037,419000,512250,22.3
20190622,감자,20588,389000,590750,51.9
20190621,감자,19984,368000,644600,75.2
20190620,감자,18285,449000,627000,39.6
20190619,감자,15715,633000,689750,9
20190618,감자,14523,790000,604750,-23.4
20190617,감자,14936,756000,584250,-22.7
20190615,감자,17133,701000,553500,-21
20190614,감자,19193,619000,540400,-12.7
20190613,감자,21571,452000,529000,17
20190612,감자,22508,489000,726250,48.5
20190611,감자,21068,569000,718250,26.2
20190610,감자,21260,333000,541000,62.5
20190608,감자,21569,507000,483500,-4.6
20190607,감자,22022,420000,414600,-1.3
20190606,감자,22280,571000,443500,-22.3
20190605,감자,19301,611000,413500,-32.3
20190604,감자,19257,828000,537500,-35.1
20190603,감자,20318,348000,527750,51.7
20190601,감자,22865,598000,542750,-9.2
20190531,감자,21796,439000,410500,-6.5
20190530,감자,24199,289000,481750,66.7
20190529,감자,24463,272000,505250,85.8
20190528,감자,23419,692000,471250,-31.9
20190527,감자,21286,521000,370750,-28.8
20190525,감자,26786,471000,460000,-2.3
20190524,감자,31374,299000,408750,36.7
20190523,감자,35854,258000,398500,54.5
20190522,감자,40785,196000,387750,97.8
20190521,감자,48213,243000,346250,42.5
20190520,감자,45521,276000,339750,23.1
20190518,감자,41757,277000,365600,32
20190517,감자,41155,318000,371000,16.7
20190516,감자,41339,389000,375750,-3.4
20190515,감자,42697,367000,352750,-3.9
20190514,감자,42078,317000,388750,22.6
20190513,감자,42881,286000,358000,25.2
20190511,감자,44138,322000,326400,1.4
20190510,감자,43021,398000,304750,-23.4
20190509,감자,41679,366000,312000,-14.8
20190508,감자,42063,270000,300750,11.4
20190507,감자,45377,318000,307250,-3.4
20190506,감자,45125,373000,291250,-21.9
20190504,감자,41044,343000,276200,-19.5
20190503,감자,41888,259000,306500,18.3
20190502,감자,42698,189000,311750,64.9
20190501,감자,44705,360000,314500,-12.6
20190430,감자,42745,294000,358750,22
20190429,감자,38137,325000,300000,-7.7
20190427,감자,40492,298000,320400,7.5
20190426,감자,42341,219000,302500,38.1
20190425,감자,44777,363000,297500,-18
20190424,감자,43092,355000,314000,-11.5
20190423,감자,40661,291000,343750,18.1
20190422,감자,42263,377000,261250,-30.7
20190420,감자,46703,321000,268600,-16.3
20190419,감자,50987,329000,288250,-12.4
20190418,감자,52584,310000,286000,-7.7
20190417,감자,53530,396000,295250,-25.4
20190416,감자,54174,250000,286000,14.4
20190415,감자,51644,303000,331750,9.5
20190413,감자,56426,374000,294200,-21.3
20190412,감자,51993,303000,321250,6
20190411,감자,47373,265000,261250,-1.4
20190410,감자,57071,388000,282750,-27.1
20190409,감자,55803,264000,275250,4.3
20190408,감자,49936,431000,265500,-38.4
20190406,감자,51364,369000,258800,-29.9
20190405,감자,53101,463000,269250,-41.8
20190404,감자,62745,333000,290500,-12.8
20190403,감자,65353,352000,293500,-16.6
20190402,감자,71708,256000,242500,-5.3
20190401,감자,76386,327000,233250,-28.7
20190330,감자,74820,319000,264800,-17
20190329,감자,73571,285000,283500,-0.5
20190328,감자,67842,256000,233000,-9
20190327,감자,76520,341000,232500,-31.8
20190326,감자,56235,300000,256500,-14.5
20190325,감자,56775,325000,250500,-22.9
20190323,감자,63801,310000,296200,-4.5
20190322,감자,52776,366000,281250,-23.2
20190321,감자,57513,291000,213750,-26.5
20190320,감자,55743,391000,250750,-35.9
20190319,감자,71389,180000,275250,52.9
20190318,감자,56725,287000,311750,8.6
20190316,감자,59720,335000,270600,-19.2
20190315,감자,40670,323000,323750,0.2
20190314,감자,59840,308000,231000,-25
20190313,감자,56469,210000,235500,12.1
20190312,감자,57459,182000,216500,19
20190311,감자,56218,300000,223250,-25.6
20190309,감자,48139,338000,276000,-18.3
20190308,감자,42528,404000,237000,-41.3
20190307,감자,43747,294000,256000,-12.9
20190306,감자,44429,330000,238000,-27.9
20190305,감자,52687,134000,226000,68.7
20190304,감자,53674,168000,191750,14.1
20190302,감자,58161,227000,206250,-9.1
20190301,감자,55204,207000,216600,4.6
20190228,감자,47016,258000,278750,8
20190227,감자,40190,268000,231750,-13.5
20190226,감자,34535,215000,252500,17.4
20190225,감자,38714,227000,242500,6.8
20190223,감자,43336,247000,253667,2.7
20190222,감자,44575,184000,257000,39.7
20190221,감자,41004,248000,214333,-13.6
20190220,감자,34943,299000,173250,-42.1
20190219,감자,36878,204000,195000,-4.4
20190218,감자,43778,253000,173500,-31.4
20190216,감자,43856,274000,206000,-24.8
20190215,감자,45785,232000,221600,-4.5
20190214,감자,44785,204000,239000,17.2
20190213,감자,46167,298000,226000,-24.2
20190212,감자,44513,154000,285333,85.3
20190211,감자,43995,309000,211333,-31.6
20190209,감자,42209,25000,227000,808
20190208,감자,45497,114000,256250,124.8
20190204,감자,43989,223000,292500,31.2
20190202,감자,43989,235000,220000,-6.4
20190201,감자,48172,213000,183667,-13.8
20190131,감자,47916,226000,244000,8
20190130,감자,47612,292000,289667,-0.8
20190129,감자,45059,124000,187750,51.4
20190128,감자,41358,222000,153000,-31.1
20190126,감자,42646,248000,209250,-15.6
20190125,감자,37534,340000,205000,-39.7
20190124,감자,42217,206000,247000,19.9
20190123,감자,40971,329000,214000,-35
20190122,감자,44684,235000,231250,-1.6
20190121,감자,43071,333000,241250,-27.6
20190119,감자,43832,206000,223500,8.5
20190118,감자,41796,293000,202600,-30.9
20190117,감자,45503,268000,251250,-6.3
20190116,감자,40540,300000,223750,-25.4
20190115,감자,44318,141000,262250,86
20190114,감자,45789,219000,176000,-19.6
20190112,감자,46191,243000,227500,-6.4
20190111,감자,41289,301000,253800,-15.7
20190110,감자,38801,355000,294000,-17.2
20190109,감자,42628,420000,275500,-34.4
20190108,감자,44349,232000,291500,25.6
20190107,감자,48048,364000,277500,-23.8
20190105,감자,47671,478000,335250,-29.9
20190104,감자,47858,113000,115000,1.8
20190103,감자,50947,478000,335250,-29.9
